{"stats":{"minecraft:used":{"minecraft:stone_sword":19,"minecraft:rotten_flesh":1,"minecraft:dirt":3,"tetra:modular_sword":133,"minecraft:granite":9,"minecraft:wooden_axe":25,"minecraft:iron_axe":7,"minecraft:birch_sapling":1,"minecraft:iron_helmet":2,"minecraft:iron_boots":1,"minecraft:dark_oak_boat":2,"minecraft:furnace":6,"comforts:sleeping_bag_white":1,"minecraft:cooked_beef":27,"minecraft:iron_leggings":1,"sophisticatedbackpacks:gold_backpack":2,"minecraft:cooked_mutton":11,"minecraft:wooden_pickaxe":3,"minecraft:leather_boots":1,"minecraft:crafting_table":26,"tetra:modular_double":972,"minecraft:white_bed":5,"minecraft:oak_log":1,"sophisticatedbackpacks:backpack":1,"minecraft:apple":11,"minecraft:bread":9,"minecraft:suspicious_stew":3,"minecraft:leather_helmet":1,"minecraft:cobblestone":42,"minecraft:cooked_porkchop":7,"minecraft:dark_oak_fence":16,"tetra:modular_bow":32,"minecraft:andesite":2,"minecraft:bucket":1},"minecraft:crafted":{"hangglider:glider_framework":1,"minecraft:oak_planks":24,"minecraft:dark_oak_boat":1,"comforts:sleeping_bag_white":1,"hangglider:hang_glider":1,"minecraft:furnace":1,"hangglider:glider_wing":2,"minecraft:cooked_mutton":11,"minecraft:dark_oak_fence":36,"minecraft:iron_boots":1,"minecraft:iron_axe":2,"minecraft:dark_oak_planks":92,"tetra:modular_double":2,"minecraft:cooked_beef":41,"minecraft:coal_block":7,"minecraft:cooked_porkchop":8,"minecraft:crafting_table":4,"minecraft:wooden_pickaxe":1,"minecraft:iron_helmet":2,"minecraft:bucket":2,"minecraft:birch_planks":52,"minecraft:air":0,"minecraft:charcoal":9,"minecraft:shield":1,"minecraft:stick":64,"minecraft:iron_ingot":43,"minecraft:wooden_axe":2,"minecraft:stone_sword":1,"minecraft:iron_leggings":2,"minecraft:white_bed":1,"minecraft:andesite":16},"minecraft:mined":{"minecraft:dark_oak_planks":1,"create:zinc_ore":39,"minecraft:spruce_planks":1,"minecraft:white_bed":4,"minecraft:granite":21,"minecraft:dark_oak_fence":2,"minecraft:grass_block":5,"minecraft:birch_slab":1,"minecraft:spruce_leaves":1,"minecraft:sandstone":4,"minecraft:large_fern":1,"comforts:sleeping_bag_white":1,"minecraft:furnace":6,"minecraft:fire":2,"minecraft:iron_ore":93,"minecraft:andesite":40,"minecraft:vine":1,"minecraft:bamboo":1,"minecraft:stone":297,"minecraft:spruce_slab":3,"minecraft:crafting_table":14,"minecraft:emerald_ore":1,"minecraft:copper_ore":27,"minecraft:cobblestone":5,"minecraft:lapis_ore":7,"minecraft:sugar_cane":30,"minecraft:diorite":10,"minecraft:birch_sapling":2,"minecraft:mud":1,"minecraft:birch_log":2,"tetra:basic_workbench":12,"minecraft:spruce_log":7,"minecraft:grass":13,"minecraft:oak_log":13,"minecraft:coal_ore":75,"minecraft:sand":34,"minecraft:gravel":2,"minecraft:dirt":20,"minecraft:cobweb":2,"minecraft:gold_ore":2,"minecraft:oak_leaves":1},"minecraft:killed_by":{"minecraft:spider":1,"minecraft:skeleton":2,"minecraft:zombie":4},"minecraft:dropped":{"minecraft:wheat_seeds":1,"minecraft:cooked_porkchop":1,"minecraft:granite":1,"minecraft:iron_horse_armor":1,"minecraft:birch_slab":1,"minecraft:dirt":25,"minecraft:sand":65,"minecraft:gravel":2,"minecraft:bowl":3,"minecraft:rotten_flesh":1,"sophisticatedbackpacks:backpack":1,"minecraft:oak_sapling":14,"tetra:modular_bow":1,"minecraft:leather_leggings":1,"minecraft:spruce_slab":3,"tetra:modular_double":1},"minecraft:custom":{"minecraft:mob_kills":116,"minecraft:animals_bred":2,"minecraft:interact_with_crafting_table":39,"minecraft:damage_dealt_resisted":4769,"minecraft:leave_game":4,"minecraft:time_since_death":42477,"minecraft:climb_one_cm":6857,"minecraft:sprint_one_cm":422722,"minecraft:walk_one_cm":223108,"minecraft:drop":21,"minecraft:damage_dealt_absorbed":697,"minecraft:talked_to_villager":2,"minecraft:play_time":236293,"minecraft:deaths":8,"minecraft:sneak_time":15428,"minecraft:walk_under_water_one_cm":35172,"minecraft:boat_one_cm":5154,"minecraft:jump":3456,"minecraft:walk_on_water_one_cm":66411,"minecraft:total_world_time":236293,"minecraft:interact_with_furnace":51,"minecraft:sleep_in_bed":8,"minecraft:time_since_rest":42656,"minecraft:damage_taken":6578,"minecraft:damage_dealt":19643,"minecraft:swim_one_cm":295646,"minecraft:fly_one_cm":537894,"minecraft:open_chest":3,"minecraft:crouch_one_cm":26446,"minecraft:fall_one_cm":80218},"minecraft:broken":{"minecraft:leather_helmet":1,"minecraft:leather_boots":1},"minecraft:picked_up":{"sophisticatedbackpacks:gold_backpack":2,"minecraft:charcoal":6,"minecraft:mud":1,"minecraft:crafting_table":26,"minecraft:chicken":2,"minecraft:chest_minecart":3,"minecraft:leather_leggings":1,"minecraft:lead":2,"minecraft:string":20,"minecraft:raw_copper":82,"minecraft:iron_leggings":1,"minecraft:detector_rail":5,"comforts:sleeping_bag_white":1,"minecraft:beef":61,"minecraft:spruce_slab":3,"minecraft:coal_block":4,"minecraft:sugar_cane":77,"minecraft:birch_sapling":5,"minecraft:furnace":6,"minecraft:dark_oak_sapling":57,"minecraft:stick":91,"minecraft:raw_iron":134,"tetra:modular_bow":2,"sophisticatedbackpacks:backpack":17,"minecraft:porkchop":10,"minecraft:diorite":10,"minecraft:iron_horse_armor":1,"minecraft:rotten_flesh":15,"minecraft:arrow":34,"minecraft:beetroot_seeds":8,"minecraft:glow_berries":4,"minecraft:mutton":15,"minecraft:rail":1,"minecraft:white_wool":7,"minecraft:cobblestone":299,"minecraft:birch_log":28,"minecraft:feather":1,"minecraft:birch_slab":1,"minecraft:andesite":40,"minecraft:dark_oak_boat":1,"minecraft:leather":42,"minecraft:golden_leggings":1,"create:raw_zinc":39,"minecraft:oak_log":118,"minecraft:gunpowder":3,"minecraft:lapis_lazuli":42,"minecraft:dirt":86,"minecraft:leather_boots":1,"minecraft:bone":21,"minecraft:apple":14,"minecraft:kelp":13,"minecraft:bow":1,"minecraft:wheat_seeds":1,"minecraft:raw_gold":2,"minecraft:iron_ingot":2,"minecraft:bamboo":8,"minecraft:cooked_porkchop":1,"minecraft:sweet_berries":5,"tetra:modular_double":1,"minecraft:gravel":2,"minecraft:sand":65,"minecraft:spruce_sapling":50,"sophisticatedbackpacks:iron_backpack":3,"minecraft:white_bed":5,"minecraft:spruce_log":73,"minecraft:dark_oak_log":649,"minecraft:spider_eye":3,"minecraft:leather_helmet":2,"minecraft:iron_helmet":1,"minecraft:granite":21,"minecraft:emerald":1,"minecraft:bread":1,"minecraft:oak_sapling":56,"minecraft:black_wool":1,"minecraft:dark_oak_fence":4,"minecraft:coal":156},"minecraft:killed":{"minecraft:witch":1,"minecraft:spider":14,"minecraft:skeleton":26,"minecraft:chicken":2,"minecraft:drowned":1,"minecraft:pig":5,"minecraft:creeper":2,"minecraft:sheep":8,"minecraft:trader_llama":2,"minecraft:zombie":25,"minecraft:cow":30}},"DataVersion":3465}