{"stats":{"minecraft:mined":{"minecraft:dark_oak_planks":1,"create:zinc_ore":39,"minecraft:tuff":1,"minecraft:spruce_planks":1,"minecraft:white_bed":4,"minecraft:granite":28,"minecraft:dark_oak_fence":8,"minecraft:grass_block":8,"minecraft:birch_slab":1,"minecraft:spruce_leaves":89,"minecraft:sandstone":4,"comforts:sleeping_bag_white":1,"minecraft:large_fern":6,"minecraft:furnace":7,"minecraft:iron_ore":158,"minecraft:fire":2,"minecraft:andesite":42,"minecraft:pumpkin":4,"minecraft:deepslate_lapis_ore":1,"create:asurine":39,"minecraft:deepslate_iron_ore":4,"minecraft:vine":1,"minecraft:bamboo":1,"minecraft:stone":399,"minecraft:spruce_slab":3,"minecraft:crafting_table":15,"minecraft:emerald_ore":1,"minecraft:chest":1,"minecraft:copper_ore":27,"minecraft:cobblestone":6,"minecraft:lapis_ore":23,"minecraft:sugar_cane":30,"minecraft:diorite":10,"minecraft:birch_sapling":2,"minecraft:mud":1,"minecraft:birch_log":6,"tetra:basic_workbench":16,"minecraft:spruce_log":7,"minecraft:grass":16,"minecraft:oak_log":28,"minecraft:coal_ore":75,"minecraft:sand":34,"minecraft:gravel":2,"minecraft:dirt":20,"minecraft:cobweb":2,"minecraft:gold_ore":2,"minecraft:oak_leaves":4,"minecraft:deepslate":15},"minecraft:custom":{"minecraft:mob_kills":166,"minecraft:animals_bred":2,"minecraft:interact_with_crafting_table":48,"minecraft:damage_dealt_resisted":5655,"minecraft:leave_game":6,"minecraft:time_since_death":1633,"minecraft:climb_one_cm":6857,"minecraft:sprint_one_cm":544042,"minecraft:walk_one_cm":312790,"minecraft:drop":34,"minecraft:damage_dealt_absorbed":1020,"minecraft:talked_to_villager":2,"minecraft:play_time":307232,"minecraft:sneak_time":20059,"minecraft:deaths":15,"minecraft:walk_under_water_one_cm":40682,"minecraft:boat_one_cm":5154,"minecraft:jump":4806,"minecraft:walk_on_water_one_cm":71858,"minecraft:total_world_time":307232,"minecraft:interact_with_furnace":62,"minecraft:sleep_in_bed":8,"minecraft:time_since_rest":1661,"minecraft:damage_taken":9868,"minecraft:damage_absorbed":40,"minecraft:damage_dealt":30166,"minecraft:swim_one_cm":300033,"minecraft:fly_one_cm":742942,"minecraft:open_chest":8,"minecraft:crouch_one_cm":36759,"minecraft:fall_one_cm":120649},"minecraft:picked_up":{"sophisticatedbackpacks:gold_backpack":3,"minecraft:charcoal":6,"minecraft:mud":1,"minecraft:crafting_table":31,"minecraft:chicken":2,"minecraft:chest_minecart":3,"minecraft:leather_leggings":2,"minecraft:lead":2,"minecraft:string":26,"minecraft:raw_copper":82,"minecraft:iron_leggings":1,"minecraft:cobbled_deepslate":15,"minecraft:detector_rail":5,"comforts:sleeping_bag_white":1,"minecraft:beef":64,"minecraft:spruce_slab":3,"minecraft:coal_block":7,"minecraft:sugar_cane":77,"minecraft:chest":1,"minecraft:birch_sapling":5,"minecraft:furnace":7,"minecraft:dark_oak_sapling":57,"minecraft:stick":92,"minecraft:raw_iron":218,"tetra:modular_bow":2,"sophisticatedbackpacks:backpack":25,"minecraft:porkchop":11,"minecraft:diorite":10,"minecraft:iron_horse_armor":1,"minecraft:rotten_flesh":32,"minecraft:arrow":56,"minecraft:beetroot_seeds":8,"create:asurine":38,"minecraft:glow_berries":4,"minecraft:mutton":15,"minecraft:rail":1,"minecraft:white_wool":7,"minecraft:cobblestone":410,"minecraft:birch_log":33,"minecraft:feather":1,"minecraft:birch_slab":1,"minecraft:andesite":44,"minecraft:dark_oak_boat":1,"minecraft:leather":42,"minecraft:golden_leggings":2,"create:raw_zinc":39,"minecraft:oak_log":129,"minecraft:gunpowder":4,"minecraft:lapis_lazuli":170,"minecraft:dirt":87,"minecraft:leather_boots":1,"minecraft:bone":32,"tetra:scroll_rolled":1,"minecraft:apple":14,"minecraft:kelp":13,"minecraft:bow":2,"minecraft:wheat_seeds":1,"minecraft:raw_gold":2,"minecraft:iron_ingot":3,"minecraft:bamboo":8,"minecraft:cooked_porkchop":1,"minecraft:pumpkin":4,"minecraft:sweet_berries":5,"tetra:modular_double":2,"minecraft:gravel":2,"minecraft:sand":65,"sophisticatedbackpacks:iron_backpack":8,"minecraft:spruce_sapling":52,"minecraft:white_bed":5,"minecraft:spruce_log":73,"minecraft:dark_oak_log":649,"minecraft:spider_eye":7,"minecraft:leather_helmet":2,"minecraft:iron_helmet":2,"minecraft:granite":28,"minecraft:emerald":1,"minecraft:bread":1,"minecraft:oak_sapling":56,"minecraft:black_wool":1,"minecraft:dark_oak_fence":4,"minecraft:coal":156},"minecraft:crafted":{"hangglider:glider_framework":1,"minecraft:oak_planks":24,"minecraft:dark_oak_boat":1,"comforts:sleeping_bag_white":1,"hangglider:hang_glider":1,"minecraft:furnace":1,"hangglider:glider_wing":2,"minecraft:cooked_mutton":11,"minecraft:dark_oak_fence":36,"minecraft:iron_boots":1,"minecraft:iron_axe":2,"minecraft:chest":2,"minecraft:dark_oak_planks":100,"tetra:modular_double":2,"minecraft:cooked_beef":62,"minecraft:coal_block":7,"minecraft:cooked_porkchop":8,"minecraft:crafting_table":5,"minecraft:wooden_pickaxe":1,"minecraft:iron_helmet":2,"minecraft:bucket":2,"minecraft:birch_planks":64,"minecraft:air":0,"minecraft:iron_chestplate":1,"minecraft:charcoal":9,"minecraft:shield":1,"minecraft:stick":64,"minecraft:iron_ingot":50,"minecraft:wooden_axe":2,"minecraft:stone_sword":1,"minecraft:iron_leggings":2,"minecraft:white_bed":1,"minecraft:andesite":16},"minecraft:killed":{"minecraft:witch":1,"minecraft:spider":20,"minecraft:skeleton":41,"minecraft:chicken":2,"minecraft:drowned":1,"minecraft:pig":6,"minecraft:creeper":4,"minecraft:sheep":8,"minecraft:trader_llama":2,"minecraft:pillager":1,"minecraft:zombie":46,"minecraft:cow":31},"minecraft:dropped":{"minecraft:wheat_seeds":1,"minecraft:cooked_porkchop":1,"minecraft:cobblestone":18,"minecraft:granite":8,"minecraft:iron_horse_armor":1,"minecraft:birch_slab":1,"minecraft:dirt":25,"minecraft:diorite":1,"minecraft:sand":65,"minecraft:string":1,"minecraft:bone":1,"minecraft:gravel":2,"minecraft:bowl":3,"minecraft:rotten_flesh":11,"sophisticatedbackpacks:backpack":1,"minecraft:andesite":4,"minecraft:golden_leggings":2,"minecraft:oak_sapling":14,"tetra:modular_bow":1,"minecraft:leather_leggings":2,"minecraft:spider_eye":1,"minecraft:spruce_slab":3,"tetra:modular_double":1},"minecraft:broken":{"minecraft:leather_helmet":1,"minecraft:leather_boots":1},"minecraft:killed_by":{"minecraft:spider":1,"minecraft:skeleton":3,"minecraft:zombie":9},"minecraft:used":{"minecraft:stone_sword":19,"minecraft:chest":3,"minecraft:rotten_flesh":1,"minecraft:dirt":3,"tetra:modular_sword":276,"minecraft:granite":9,"minecraft:wooden_axe":25,"minecraft:iron_axe":17,"minecraft:birch_sapling":1,"minecraft:iron_helmet":2,"minecraft:iron_boots":1,"minecraft:bow":4,"minecraft:dark_oak_boat":2,"minecraft:goat_horn":1,"minecraft:furnace":7,"comforts:sleeping_bag_white":1,"minecraft:cooked_beef":45,"minecraft:iron_leggings":1,"sophisticatedbackpacks:gold_backpack":2,"minecraft:cooked_mutton":11,"minecraft:wooden_pickaxe":3,"minecraft:leather_boots":1,"minecraft:golden_apple":1,"minecraft:crafting_table":31,"tetra:modular_double":1396,"minecraft:white_bed":5,"minecraft:oak_log":1,"sophisticatedbackpacks:backpack":1,"minecraft:apple":11,"minecraft:bread":11,"minecraft:suspicious_stew":3,"minecraft:leather_helmet":1,"minecraft:cobblestone":53,"minecraft:dark_oak_fence":16,"minecraft:cooked_porkchop":7,"tetra:modular_bow":33,"minecraft:andesite":2,"minecraft:bucket":1}},"DataVersion":3465}