{"stats":{"minecraft:used":{"easy_villagers:breeder":2,"minecraft:ladder":39,"minecraft:chest":4,"minecraft:shield":1,"minecraft:rotten_flesh":5,"minecraft:snowball":16,"minecraft:obsidian":12,"minecraft:glass":1,"tetra:forged_container":1,"tetra:modular_single":68,"minecraft:wet_sponge":2,"minecraft:iron_helmet":1,"minecraft:dark_oak_slab":1,"easy_villagers:iron_farm":1,"minecraft:dark_oak_boat":2,"minecraft:furnace":3,"minecraft:potato":1,"tetra:holo":10,"tetra:chthonic_extractor":2,"minecraft:blast_furnace":2,"tetra:modular_double":2582,"minecraft:sponge":67,"sophisticatedbackpacks:backpack":2,"easy_villagers:villager":10,"minecraft:dark_oak_log":5,"minecraft:bread":25,"minecraft:lectern":1,"minecraft:gravel":26,"sophisticatedbackpacks:iron_backpack":1,"minecraft:enchanting_table":1,"minecraft:flint_and_steel":1,"minecraft:cooked_chicken":2,"minecraft:netherrack":15,"minecraft:dirt":3,"minecraft:anvil":1,"tetra:modular_sword":350,"minecraft:hopper":4,"tetra:scroll_rolled":19,"minecraft:dark_oak_planks":7,"tetra:transfer_unit":21,"minecraft:bookshelf":41,"minecraft:iron_axe":54,"easy_villagers:trader":18,"minecraft:iron_boots":1,"minecraft:diamond_chestplate":1,"minecraft:basalt":2,"minecraft:golden_carrot":16,"easy_villagers:incubator":2,"comforts:sleeping_bag_white":4,"minecraft:cooked_beef":25,"minecraft:cobbled_deepslate":117,"sophisticatedbackpacks:gold_backpack":4,"tetra:modular_shield":6,"minecraft:baked_potato":3,"easy_villagers:farmer":4,"minecraft:crafting_table":20,"minecraft:white_bed":3,"minecraft:diamond_pickaxe":59,"minecraft:chiseled_stone_bricks":26,"minecraft:cobblestone":638,"minecraft:cooked_porkchop":2,"tetra:rack":11,"tetra:modular_bow":15,"minecraft:bucket":6,"create:dark_oak_window":2},"minecraft:crafted":{"tetra:scroll_rolled":2,"minecraft:smooth_stone":6,"minecraft:dark_oak_boat":1,"minecraft:cooked_chicken":2,"minecraft:stone":7,"easy_villagers:incubator":1,"minecraft:bookshelf":604,"minecraft:glass":116,"minecraft:hopper":3,"minecraft:diamond_helmet":2,"minecraft:bow":3,"minecraft:diamond_leggings":2,"minecraft:iron_boots":1,"minecraft:chest":6,"easy_villagers:trader":17,"minecraft:wooden_shovel":1,"minecraft:emerald":748,"minecraft:crafting_table":3,"minecraft:baked_potato":3,"minecraft:wooden_pickaxe":1,"minecraft:iron_helmet":1,"minecraft:fletching_table":1,"minecraft:lectern":20,"minecraft:dark_oak_slab":102,"minecraft:book":5,"minecraft:paper":15,"minecraft:charcoal":4,"minecraft:diamond_pickaxe":2,"minecraft:shield":1,"minecraft:stick":438,"minecraft:iron_ingot":137,"minecraft:iron_pickaxe":1,"minecraft:iron_block":3,"minecraft:gold_ingot":23,"create:dark_oak_window":2,"minecraft:composter":2,"minecraft:sponge":61,"minecraft:shears":1,"minecraft:golden_carrot":84,"minecraft:leather_boots":1,"minecraft:iron_nugget":9,"comforts:sleeping_bag_white":1,"minecraft:furnace":2,"minecraft:blast_furnace":2,"easy_villagers:iron_farm":1,"minecraft:glass_pane":304,"minecraft:flint_and_steel":1,"minecraft:ladder":109,"minecraft:diamond_boots":2,"minecraft:dark_oak_planks":600,"tetra:modular_double":2,"minecraft:cooked_beef":11,"minecraft:coal_block":2,"easy_villagers:farmer":1,"minecraft:diamond_sword":1,"minecraft:enchanting_table":1,"minecraft:iron_sword":1,"minecraft:bucket":1,"minecraft:enchanted_book":26,"minecraft:bread":39,"minecraft:air":0,"tetra:modular_toolbelt":1,"tetra:rack":4,"minecraft:white_wool":10,"easy_villagers:breeder":1,"minecraft:iron_leggings":3,"minecraft:anvil":1,"minecraft:white_bed":2,"minecraft:pumpkin_pie":128,"minecraft:lapis_lazuli":2,"minecraft:diamond_chestplate":1},"minecraft:mined":{"minecraft:dark_oak_planks":1,"create:deepslate_zinc_ore":4,"tetra:forged_container":1,"minecraft:white_bed":2,"minecraft:sculk_vein":1,"minecraft:brewing_stand":1,"minecraft:obsidian":18,"minecraft:granite":2,"minecraft:budding_amethyst":1,"minecraft:chiseled_polished_blackstone":2,"minecraft:grass_block":8,"minecraft:cracked_polished_blackstone_bricks":3,"tetra:rack":4,"minecraft:hopper":1,"minecraft:gilded_blackstone":21,"minecraft:chiseled_stone_bricks":32,"minecraft:spawner":2,"minecraft:polished_blackstone_bricks":15,"minecraft:weeping_vines_plant":1,"minecraft:glowstone":1,"minecraft:fire":6,"minecraft:iron_ore":27,"minecraft:cobbled_deepslate":24,"easy_villagers:breeder":2,"minecraft:deepslate_lapis_ore":6,"create:asurine":2,"minecraft:oak_stairs":5,"tetra:scroll_wall":13,"create:limestone":1,"bountiful:bountyboard":1,"minecraft:deepslate_redstone_ore":8,"minecraft:blackstone":77,"minecraft:crimson_nylium":14,"tetra:scroll_rolled":5,"minecraft:smoker":1,"minecraft:amethyst_cluster":6,"minecraft:powder_snow":57,"minecraft:blast_furnace":2,"minecraft:glass":1,"easy_villagers:farmer":3,"minecraft:cobblestone":123,"minecraft:sugar_cane":1,"minecraft:amethyst_block":1,"tetra:forged_pillar":6,"minecraft:warped_nylium":2,"minecraft:stone_brick_stairs":1,"minecraft:grass":7,"minecraft:oak_log":2,"minecraft:dark_oak_sapling":2,"minecraft:sand":44,"minecraft:dirt":27,"minecraft:smooth_basalt":3,"minecraft:netherrack":228,"create:crimsite":1,"minecraft:oak_leaves":166,"minecraft:deepslate":513,"minecraft:crying_obsidian":1,"minecraft:tuff":98,"minecraft:deepslate_diamond_ore":85,"tetra:block_geode":14,"minecraft:sea_lantern":2,"minecraft:crimson_roots":8,"minecraft:weeping_vines":1,"tetra:holosphere":10,"minecraft:hay_block":7,"minecraft:furnace":2,"minecraft:snow":6,"minecraft:andesite":31,"minecraft:stripped_spruce_log":2,"minecraft:gold_block":18,"minecraft:bookshelf":23,"minecraft:deepslate_iron_ore":1,"easy_villagers:trader":1,"minecraft:packed_ice":280,"minecraft:wet_sponge":65,"minecraft:stone":573,"minecraft:smithing_table":1,"minecraft:oak_slab":4,"minecraft:crafting_table":5,"minecraft:emerald_ore":1,"minecraft:sponge":4,"tetra:forged_platform_slab":5,"tetra:transfer_unit":23,"tetra:chthonic_extractor":2,"minecraft:lectern":1,"minecraft:copper_ore":1,"minecraft:lapis_ore":8,"minecraft:deepslate_gold_ore":16,"minecraft:polished_blackstone_brick_stairs":3,"minecraft:sculk":1,"minecraft:diorite":1,"minecraft:spruce_stairs":1,"easy_villagers:incubator":1,"tetra:basic_workbench":11,"minecraft:ice":1,"minecraft:spruce_log":4,"minecraft:birch_leaves":60,"tetra:forged_workbench":2,"minecraft:coal_ore":22,"minecraft:gravel":37,"tetra:forged_wall":5,"minecraft:gold_ore":5,"paraglider:goddess_statue":1},"minecraft:killed_by":{"minecraft:zombie_villager":2,"minecraft:piglin":3,"minecraft:zombie":4,"minecraft:skeleton":1},"minecraft:dropped":{"minecraft:porkchop":1,"minecraft:crafting_table":1,"minecraft:dark_oak_slab":23,"minecraft:leather_helmet":2,"sophisticatedbackpacks:gold_backpack":1,"minecraft:flint":10,"minecraft:dirt":11,"minecraft:crimson_roots":7,"minecraft:polished_blackstone_bricks":1,"minecraft:dark_oak_planks":4,"minecraft:bone":1,"minecraft:gravel":8,"minecraft:birch_sapling":6,"minecraft:rotten_flesh":28,"minecraft:white_bed":2,"minecraft:chiseled_stone_bricks":5,"minecraft:leather_boots":2,"minecraft:leather_leggings":1,"tetra:modular_double":3,"minecraft:basalt":3,"minecraft:bookshelf":128,"minecraft:iron_helmet":1,"minecraft:cobblestone":56,"minecraft:music_disc_pigstep":1,"minecraft:stick":192,"minecraft:sponge":3,"minecraft:iron_leggings":1,"minecraft:smooth_basalt":3,"sophisticatedbackpacks:backpack":8,"minecraft:glass_pane":3,"minecraft:potato":1,"minecraft:iron_chestplate":1,"minecraft:oak_sapling":3,"minecraft:wooden_shovel":1,"tetra:modular_shield":1,"tetra:metal_scrap":1},"minecraft:broken":{"minecraft:iron_helmet":1},"minecraft:custom":{"minecraft:interact_with_crafting_table":117,"minecraft:leave_game":3,"minecraft:time_since_death":30840,"minecraft:sprint_one_cm":699403,"minecraft:damage_blocked_by_shield":245,"minecraft:drop":97,"minecraft:talked_to_villager":22,"minecraft:play_time":788319,"minecraft:deaths":17,"minecraft:jump":5752,"minecraft:walk_on_water_one_cm":203337,"minecraft:enchant_item":2,"minecraft:interact_with_furnace":132,"minecraft:traded_with_villager":1460,"minecraft:sleep_in_bed":7,"minecraft:waystone_activated":1,"minecraft:damage_dealt":24484,"minecraft:crouch_one_cm":64258,"minecraft:interact_with_anvil":13,"minecraft:mob_kills":112,"minecraft:inspect_hopper":9,"minecraft:damage_dealt_resisted":27091,"minecraft:climb_one_cm":63781,"minecraft:walk_one_cm":896784,"minecraft:damage_dealt_absorbed":1569,"minecraft:sneak_time":26693,"minecraft:walk_under_water_one_cm":239233,"minecraft:boat_one_cm":290,"minecraft:interact_with_blast_furnace":39,"minecraft:total_world_time":788319,"minecraft:time_since_rest":30867,"minecraft:damage_taken":8976,"minecraft:swim_one_cm":231517,"minecraft:fly_one_cm":1088437,"minecraft:open_chest":149,"minecraft:fall_one_cm":155716},"minecraft:picked_up":{"minecraft:iron_chestplate":1,"easy_villagers:breeder":2,"minecraft:lead":1,"minecraft:smithing_table":1,"minecraft:oak_stairs":1,"tetra:lubricant_dispenser":4,"minecraft:brewing_stand":1,"minecraft:golden_sword":1,"minecraft:amethyst_block":1,"tetra:extractor_ruined_2_0":1,"minecraft:string":4,"paraglider:goddess_statue":1,"create:limestone":1,"minecraft:iron_leggings":3,"tetra:extractor_ruined_0_2":1,"minecraft:gold_nugget":85,"minecraft:cobbled_deepslate":523,"comforts:sleeping_bag_white":4,"tetra:planar_stabilizer":8,"tetra:metal_scrap":86,"minecraft:wooden_shovel":1,"tetra:modular_sword":2,"minecraft:iron_boots":2,"minecraft:furnace":2,"minecraft:tipped_arrow":1,"minecraft:stick":263,"tetra:forged_wall":3,"tetra:holo":10,"tetra:vent_plate":10,"minecraft:porkchop":16,"tetra:extractor_ruined_0_0":1,"minecraft:music_disc_pigstep":1,"minecraft:diorite":1,"tetra:extractor_ruined_2_2":2,"minecraft:golden_chestplate":1,"minecraft:rotten_flesh":69,"create:asurine":2,"minecraft:obsidian":21,"minecraft:snowball":16,"minecraft:cobblestone":602,"minecraft:sponge":15,"minecraft:dark_oak_boat":2,"minecraft:powder_snow_bucket":4,"minecraft:smoker":1,"minecraft:potato":3,"tetra:thermal_cell":15,"paraglider:spirit_orb":2,"minecraft:flint":15,"minecraft:tuff":81,"tetra:forged_bolt":8,"minecraft:dirt":38,"minecraft:lapis_lazuli":126,"tetra:earthpiercer_1_0":1,"minecraft:leather_boots":4,"tetra:scroll_rolled":18,"minecraft:bone":17,"minecraft:bow":2,"easy_villagers:trader":1,"minecraft:raw_gold":21,"minecraft:glowstone_dust":4,"tetra:rack":9,"tetra:modular_double":12,"minecraft:sand":68,"tetra:forged_mesh":9,"tetra:chthonic_extractor":11,"sophisticatedbackpacks:iron_backpack":9,"minecraft:dark_oak_log":344,"minecraft:diamond":86,"tetra:forged_beam":10,"minecraft:crossbow":3,"minecraft:granite":1,"minecraft:emerald":70,"minecraft:oak_sapling":3,"minecraft:netherrack":73,"minecraft:crimson_roots":14,"tetra:extractor_ruined_1_2":1,"sophisticatedbackpacks:gold_backpack":3,"tetra:earthpiercer_ruined_1_1":1,"minecraft:crafting_table":17,"minecraft:ladder":43,"minecraft:leather_leggings":3,"tetra:forged_pillar":1,"minecraft:gold_block":18,"tetra:extractor_2_1":2,"tetra:extractor_2_0":1,"minecraft:blackstone":4,"minecraft:glass_pane":3,"tetra:extractor_ruined_1_0":2,"minecraft:beef":11,"minecraft:iron_nugget":1,"minecraft:lectern":1,"minecraft:sugar_cane":4,"minecraft:chest":1,"minecraft:birch_sapling":6,"minecraft:dark_oak_sapling":2,"easy_villagers:incubator":1,"minecraft:raw_iron":82,"minecraft:copper_ingot":2,"sophisticatedbackpacks:backpack":40,"minecraft:polished_blackstone_bricks":1,"tetra:extractor_0_1":2,"tetra:extractor_0_2":1,"tetra:quick_latch":1,"minecraft:redstone":41,"minecraft:prismarine_crystals":5,"minecraft:dark_oak_planks":83,"minecraft:weeping_vines":1,"minecraft:arrow":13,"minecraft:hay_block":7,"bountiful:bountyboard":1,"minecraft:wet_sponge":65,"minecraft:basalt":1,"minecraft:leather":18,"easy_villagers:farmer":3,"minecraft:oak_log":66,"minecraft:gunpowder":3,"tetra:forged_platform_slab":1,"minecraft:iron_ingot":1,"tetra:transfer_unit":19,"tetra:earthpiercer_0_0":1,"minecraft:book":191,"minecraft:dark_oak_slab":23,"tetra:combustion_chamber":4,"minecraft:smooth_basalt":3,"tetra:extractor_0_0":1,"minecraft:chiseled_stone_bricks":37,"tetra:modular_shield":1,"minecraft:gravel":36,"minecraft:amethyst_shard":12,"minecraft:blast_furnace":2,"minecraft:white_bed":4,"tetra:pristine_lapis":2,"tetra:forged_container":1,"minecraft:crying_obsidian":1,"minecraft:spider_eye":1,"minecraft:leather_helmet":2,"tetra:earthpiercer_ruined_0_1":1,"tetra:geode":14,"minecraft:iron_helmet":3,"minecraft:warped_roots":1,"tetra:extractor_1_2":1,"tetra:extractor_ruined_1_1":2,"minecraft:hopper":1,"minecraft:coal":22,"minecraft:ender_pearl":4},"minecraft:killed":{"minecraft:zombified_piglin":9,"minecraft:spider":3,"minecraft:skeleton":11,"minecraft:piglin_brute":4,"minecraft:piglin":25,"minecraft:pig":2,"minecraft:zombie_villager":3,"minecraft:creeper":2,"minecraft:trader_llama":1,"minecraft:zombie":12,"minecraft:stray":5,"minecraft:cow":6,"minecraft:drowned":16,"minecraft:hoglin":5,"minecraft:enderman":4}},"DataVersion":3465}